"First Name","Last Name","Email"
"Paul","Perry","p.perry@randatmail.com"
"Fiona","Hunt","f.hunt@randatmail.com"
"Alfred","Moore","a.moore@randatmail.com"
"Bruce","Johnson","b.johnson@randatmail.com"
"Daniel","Fowler","d.fowler@randatmail.com"
"Edith","Craig","e.craig@randatmail.com"
"Ellia","Cooper","e.cooper@randatmail.com"
"Lily","Wilson","l.wilson@randatmail.com"
"Valeria","Cole","v.cole@randatmail.com"
"Byron","Walker","b.walker@randatmail.com"
"Eddy","Davis","e.davis@randatmail.com"
"Lucia","Harper","l.harper@randatmail.com"
"Maya","Wright","m.wright@randatmail.com"
"James","West","j.west@randatmail.com"
"Sabrina","Perkins","s.perkins@randatmail.com"
"Sienna","Elliott","s.elliott@randatmail.com"
"Aida","Harris","a.harris@randatmail.com"
"Aida","Craig","a.craig@randatmail.com"
"Maria","Ross","m.ross@randatmail.com"
"Paige","Parker","p.parker@randatmail.com"
"Edwin","Johnson","e.johnson@randatmail.com"
"Kate","Smith","k.smith@randatmail.com"
"Julia","Foster","j.foster@randatmail.com"
"Cadie","Kelly","c.kelly@randatmail.com"
"Ashton","Howard","a.howard@randatmail.com"
"Kimberly","Brown","k.brown@randatmail.com"
"Lydia","Perry","l.perry@randatmail.com"
"Frederick","Bailey","f.bailey@randatmail.com"
"Sarah","Edwards","s.edwards@randatmail.com"
"Lily","Riley","l.riley@randatmail.com"
"Julian","Martin","j.martin@randatmail.com"
"Dexter","Tucker","d.tucker@randatmail.com"
"Edith","Brown","e.brown@randatmail.com"
"William","Gibson","w.gibson@randatmail.com"
"Rosie","Edwards","r.edwards@randatmail.com"
"Kelvin","Owens","k.owens@randatmail.com"
"Heather","Douglas","h.douglas@randatmail.com"
"Adam","Armstrong","a.armstrong@randatmail.com"
"Rosie","Tucker","r.tucker@randatmail.com"
"Dexter","Richardson","d.richardson@randatmail.com"
